"","Gesamtstichprobe.Faktor","Gesamtstichprobe.M","Gesamtstichprobe.SD","Gesamtstichprobe.Alpha","AMAB.Faktor","AMAB.M","AMAB.SD","AMAB.Alpha"
"F1","Psychological Functioning",3.6259385665529,1.37379215068093,0.798910422569172,"Psychological Functioning",3.56326530612245,1.38320494701796,0.799876245785556
"F2","Social Gender Role Recognition",3.73105802047782,1.40695890997696,-0.00398057987895828,"Social Gender Role Recognition",3.6969387755102,1.41023213134445,-0.0256572664730759
"F3","Physical and Emotional Intimacy",3.87986348122866,1.2698844588099,0.735273029430369,"Physical and Emotional Intimacy",3.9295918367347,1.23621792853781,0.732933114554925
"F4","Life Satisfaction",3.76996587030717,1.41842830800664,0.78532943703217,"Life Satisfaction",3.6795918367347,1.36847321287491,0.755431675242996
"F5","Body Image",3.41501706484642,1.53414454023636,0.167696450513731,"Body Image",3.27244897959183,1.51743565018437,0.0585773439474059
"F6","Genitalia",3.48293515358361,1.4430939802988,0.630784023624602,"Genitalia",3.5688775510204,1.42273961624457,0.622663967755531
"F7","Gender Identity",3.26222980659841,1.30628533080853,-0.666552453809521,"Gender Identity",3.25255102040816,1.30007932554666,-0.722260605622604
