"fold","RMSEA","TLI","CFI","n_obs"
1,0.0675274688171339,0.821199720124428,0.90333960938068,59
2,0.0503411707958475,0.88348733816742,0.937465597092167,59
3,0.0486200537730592,0.894761757816489,0.943367632850975,59
4,0.0547065482449178,0.853186874991161,0.922069461822295,58
5,0.0686595189736355,0.780318871494467,0.883239157335598,58
