"Group","ChiSquare","PValue"
"Total Sample",791.776900470622,4.78580570165884e-24
"AMAB Women",614.81540934126,7.53796265563671e-09
"AFAB Men",515.780086230687,0.00226218377282
